,system type,ENB,LP,Optimal
1,New,1.990846573587026,0.2374,Yes
2,Legacy,0.9993691829275207,0.0,Yes
