,system type,ENB,LP,Optimal
1,New,1.9808251640627368,0.2295,Yes
2,Legacy,0.9996384119040699,0.0,Yes

