,system type,ENB,LP,Optimal
1,New,2.007742922753248,0.2323,Yes
2,Legacy,0.9998408747863745,0.0,Yes
